"Computer         ","Status","V-63345","V-63351","V-63355","V-63357","V-63361","V-63393","V-63399","V-63545","V-63587","V-63595","V-63599","V-63739","V-68845","V-74413","V-77091","V-77095","V-77097","V-77101","V-77103","V-77189","V-77191","V-77195","V-77201","V-77205","V-77209","V-77213","V-77217","V-77221","V-77223_a","V-77223_b","V-77223_c","V-77227","V-77231","V-77233","V-77235","V-77239","V-77243","V-77245","V-77247","V-77249","V-77255","V-77259","V-77263","V-77267","V-77269","V-88203","PSComputerName","RunspaceId","PSShowComputerName"
"BDSCNBNCMDTA3AB","Online","Pass","Pass","Pass","Fail","Pass","Pass","Pass","Pass","Pass","Pass","Pass","Pass","Pass","Pass","Pass","Pass","Pass","Pass","Pass","Pass","Pass","Pass","Pass","Pass","Pass","Pass","Pass","Pass","Pass","Pass","Pass","Pass","Pass","Pass","Pass","Pass","Pass","Fail","Pass","Pass","Pass","Pass","Pass","Pass","Pass","Pass","localhost","40e5ce9a-0115-4e43-a992-1df49e2ada63","False"
"BDSCNBNCMDTD151","Online","Pass","Pass","Pass","Fail","Fail","Pass","Pass","Pass","Pass","Pass","Pass","Pass","Fail","Pass","Pass","Pass","Pass","Pass","Pass","Pass","Pass","Pass","Pass","Pass","Pass","Pass","Pass","Pass","Pass","Pass","Pass","Pass","Pass","Pass","Pass","Pass","Pass","Pass","Pass","Pass","Pass","Pass","Pass","Pass","Pass","Pass","localhost","e50cc487-5185-431f-8d7f-39c24c532c97","False"
"BDSCNBNTFMD7747","Online","Pass","Pass","Pass","Fail","Fail","Pass","Pass","Pass","Pass","Pass","Pass","Pass","Fail","Pass","Pass","Pass","Pass","Pass","Pass","Pass","Pass","Pass","Pass","Pass","Pass","Pass","Pass","Pass","Pass","Pass","Pass","Pass","Pass","Pass","Pass","Pass","Pass","Pass","Pass","Pass","Pass","Pass","Pass","Pass","Pass","Pass","localhost","3ede5275-6fad-4cac-b663-2a7b618a01ee","False"
"BDSCNBNTFMD7BDB","Online","Pass","Pass","Pass","Fail","Pass","Pass","Pass","Pass","Pass","Pass","Pass","Pass","Fail","Pass","Pass","Pass","Pass","Pass","Pass","Pass","Pass","Pass","Pass","Pass","Pass","Pass","Pass","Pass","Pass","Pass","Pass","Pass","Pass","Pass","Pass","Pass","Pass","Pass","Pass","Pass","Pass","Pass","Pass","Pass","Pass","Pass","localhost","44444ff2-65cf-4a4c-b04d-81238af766e0","False"
"BDSCNBNTFMDA4AD","Online","Pass","Pass","Pass","Fail","Pass","Pass","Pass","Pass","Pass","Pass","Fail","Pass","Pass","Pass","Pass","Pass","Pass","Pass","Pass","Pass","Pass","Pass","Pass","Pass","Pass","Pass","Pass","Pass","Pass","Pass","Pass","Pass","Pass","Pass","Pass","Pass","Pass","Fail","Pass","Pass","Pass","Pass","Pass","Pass","Pass","Pass","localhost","bea32314-54f8-4578-8f93-cdb249bd6d29","False"
"BDSCWKN1FLE7C22","Online","Pass","Pass","Pass","Fail","Pass","Pass","Pass","Pass","Pass","Pass","Pass","Pass","Pass","Pass","Pass","Pass","Pass","Pass","Pass","Pass","Pass","Pass","Pass","Pass","Pass","Pass","Pass","Pass","Pass","Pass","Pass","Pass","Pass","Pass","Pass","Pass","Pass","Fail","Pass","Pass","Pass","Pass","Pass","Pass","Pass","Pass","localhost","874b125d-a37d-4fbb-bd3e-39c6ea46780d","False"
"BDSCWKNAEAGBD90","Online","Pass","Pass","Pass","Fail","Pass","Pass","Pass","Pass","Pass","Pass","Pass","Pass","Fail","Pass","Pass","Pass","Pass","Pass","Pass","Pass","Pass","Pass","Pass","Pass","Pass","Pass","Pass","Pass","Pass","Pass","Pass","Pass","Pass","Pass","Pass","Pass","Pass","Pass","Pass","Pass","Pass","Pass","Pass","Pass","Pass","Pass","localhost","b4cace5d-544e-4737-9abe-5c374cbd75e4","False"
"BDSCWKNAEAGC671","Online","Pass","Pass","Pass","Fail","Pass","Pass","Pass","Pass","Pass","Pass","Pass","Pass","Fail","Pass","Pass","Pass","Pass","Pass","Pass","Pass","Pass","Pass","Pass","Pass","Pass","Pass","Pass","Pass","Pass","Pass","Pass","Pass","Pass","Pass","Pass","Pass","Pass","Pass","Pass","Pass","Pass","Pass","Pass","Pass","Pass","Pass","localhost","ed412919-54f3-4a64-9ba2-f1888ec5a4a7","False"
"BDSCWKNAEAS7064","Online","Pass","Pass","Pass","Fail","Pass","Pass","Pass","Pass","Pass","Pass","Pass","Pass","Pass","Pass","Pass","Pass","Pass","Pass","Pass","Pass","Pass","Pass","Pass","Pass","Pass","Pass","Pass","Pass","Pass","Pass","Pass","Pass","Pass","Pass","Pass","Pass","Pass","Fail","Pass","Pass","Pass","Pass","Pass","Pass","Pass","Pass","localhost","af62fbbc-69b4-470f-a869-41d03d2f9aca","False"
