"Computer         ","Status","V-100093","V-63323","V-63345","V-63351","V-63355","V-63357","V-63359","V-63361","V-63363","V-63367","V-63371","V-63393","V-63399","V-63545","V-63587","V-63595","V-63599","V-63685","V-63739","V-68845","V-74413","V-76505","V-77085","V-77091","V-77095","V-77097","V-77101","V-77103","V-77189","V-77191","V-77195","V-77201","V-77205","V-77209","V-77213","V-77217","V-77221","V-77223_a","V-77223_b","V-77223_c","V-77227","V-77231","V-77233","V-77235","V-77239","V-77243","V-77245","V-77247","V-77249","V-77255","V-77259","V-77263","V-77267","V-77269","V-88203","V-94861","V-99563","PSComputerName","RunspaceId","PSShowComputerName"
"BDSCNBNDET5F07D","Online","Fail","Pass","Pass","Pass","Pass","Pass","Pass","Pass","Pass","Pass","Pass","Pass","Pass","Pass","Pass","Pass","Pass","Fail","Pass","Pass","Pass","Pass","Pass","Pass","Pass","Pass","Pass","Pass","Pass","Pass","Pass","Pass","Pass","Pass","Pass","Pass","Pass","Pass","Pass","Pass","Pass","Pass","Pass","Pass","Pass","Pass","Pass","Pass","Pass","Pass","Pass","Pass","Pass","Pass","Pass","Pass","Fail","localhost","e8c6fca6-e264-41bd-be6a-1e4bade2277b","False"
"BDSCWKNAEASC1A3","Online","Fail","Pass","Pass","Pass","Pass","Pass","Pass","Pass","Pass","Pass","Pass","Pass","Pass","Pass","Pass","Pass","Pass","Fail","Pass","Pass","Pass","Pass","Pass","Pass","Pass","Pass","Pass","Pass","Pass","Pass","Pass","Pass","Pass","Pass","Pass","Pass","Pass","Pass","Pass","Pass","Pass","Pass","Pass","Pass","Pass","Pass","Pass","Pass","Pass","Pass","Pass","Pass","Pass","Pass","Pass","Pass","Fail","localhost","d89cc498-0b3a-4dbb-9253-626fdba911b9","False"
"BDSCNBN160SA312","Online","Fail","Pass","Pass","Pass","Pass","Fail","Pass","Pass","Pass","Pass","Fail","Pass","Pass","Pass","Pass","Pass","Pass","Pass","Pass","Pass","Pass","Pass","Pass","Pass","Pass","Pass","Pass","Pass","Pass","Pass","Pass","Pass","Pass","Pass","Pass","Pass","Pass","Pass","Pass","Pass","Pass","Pass","Pass","Pass","Pass","Pass","Pass","Pass","Pass","Pass","Pass","Pass","Pass","Pass","Pass","Fail","Fail","localhost","ac25d5ab-c808-4267-a506-1841646bc03d","False"
"BDSCNBN160S1E1D","Online","Fail","Pass","Pass","Pass","Pass","Fail","Pass","Pass","Pass","Pass","Fail","Pass","Pass","Pass","Pass","Pass","Pass","Pass","Pass","Pass","Pass","Pass","Pass","Pass","Pass","Pass","Pass","Pass","Pass","Pass","Pass","Pass","Pass","Pass","Pass","Pass","Pass","Pass","Pass","Pass","Pass","Pass","Pass","Pass","Pass","Pass","Pass","Pass","Pass","Pass","Pass","Pass","Pass","Pass","Pass","Pass","Fail","localhost","67a876d8-4e02-4353-a06c-e2bd4ffddd8f","False"
"BDSCNBN160SA575","Online","Fail","Pass","Pass","Pass","Pass","Fail","Pass","Pass","Pass","Pass","Fail","Pass","Pass","Pass","Pass","Pass","Pass","Pass","Pass","Pass","Pass","Pass","Pass","Pass","Pass","Pass","Pass","Pass","Pass","Pass","Pass","Pass","Pass","Pass","Pass","Pass","Pass","Pass","Pass","Pass","Pass","Pass","Pass","Pass","Pass","Pass","Pass","Pass","Pass","Pass","Pass","Pass","Pass","Pass","Pass","Pass","Fail","localhost","d11ec198-a2fa-4da9-9a1b-11e73d1dfccb","False"
"BDSCWKN160S45E1","Online","Fail","Pass","Pass","Pass","Pass","Pass","Pass","Pass","Pass","Pass","Pass","Pass","Pass","Pass","Pass","Pass","Pass","Pass","Pass","Pass","Pass","Pass","Pass","Pass","Pass","Pass","Pass","Pass","Pass","Pass","Pass","Pass","Pass","Pass","Pass","Pass","Pass","Pass","Pass","Pass","Pass","Pass","Pass","Pass","Pass","Pass","Pass","Pass","Pass","Pass","Pass","Pass","Pass","Pass","Pass","Pass","Fail","localhost","de8ac637-5e2a-4b80-be82-89987ca2b90d","False"
"BDSCNBN160S131C","Online","Fail","Pass","Pass","Pass","Pass","Fail","Pass","Pass","Pass","Pass","Fail","Pass","Pass","Pass","Pass","Pass","Pass","Pass","Pass","Pass","Pass","Pass","Pass","Pass","Pass","Pass","Pass","Pass","Pass","Pass","Pass","Pass","Pass","Pass","Pass","Pass","Pass","Pass","Pass","Pass","Pass","Pass","Pass","Pass","Pass","Pass","Fail","Pass","Pass","Pass","Pass","Pass","Pass","Pass","Pass","Fail","Fail","localhost","1d0a8560-1fd5-40a3-b7c8-2848c21efe28","False"
"BDSCNBN160S6F03","Online","Fail","Pass","Pass","Pass","Pass","Pass","Pass","Pass","Pass","Pass","Pass","Pass","Pass","Pass","Pass","Fail","Fail","Pass","Pass","Fail","Pass","Pass","Pass","Pass","Pass","Pass","Pass","Pass","Pass","Pass","Pass","Pass","Pass","Pass","Pass","Pass","Pass","Pass","Pass","Pass","Pass","Pass","Pass","Pass","Pass","Pass","Pass","Pass","Pass","Pass","Pass","Pass","Pass","Pass","Pass","Pass","Fail","localhost","9077733c-827a-4880-9a7a-d1983350dea3","False"
"BDSCNBN160S9DDF","Online","Fail","Pass","Pass","Pass","Pass","Fail","Pass","Fail","Pass","Pass","Fail","Pass","Pass","Pass","Pass","Pass","Pass","Pass","Pass","Pass","Pass","Pass","Pass","Pass","Pass","Pass","Pass","Pass","Pass","Pass","Pass","Fail","Pass","Pass","Pass","Pass","Fail","Pass","Pass","Pass","Pass","Fail","Fail","Pass","Pass","Fail","Pass","Fail","Pass","Pass","Fail","Fail","Pass","Pass","Pass","Fail","Fail","localhost","12e86e10-6a83-4f4b-85d0-6b274491d5d9","False"
"BDSCNBN160SB21A","Online","Fail","Pass","Pass","Pass","Pass","Fail","Pass","Pass","Pass","Pass","Pass","Pass","Pass","Pass","Pass","Pass","Pass","Pass","Pass","Pass","Pass","Pass","Pass","Pass","Pass","Pass","Pass","Pass","Pass","Pass","Pass","Pass","Pass","Pass","Pass","Pass","Pass","Pass","Pass","Pass","Pass","Pass","Pass","Pass","Pass","Pass","Pass","Pass","Pass","Pass","Pass","Pass","Pass","Pass","Pass","Pass","Fail","localhost","4c0160c1-400e-4ad1-9471-c651d75fff03","False"
"BDSCNBN160SA31B","Online","Fail","Pass","Pass","Pass","Pass","Fail","Pass","Pass","Pass","Pass","Fail","Pass","Fail","Fail","","Fail","Error","Error","Fail","Fail","Fail","Pass","Error","Fail","Fail","Fail","Fail","Fail","Fail","Pass","Pass","Fail","Pass","Pass","Pass","Pass","Pass","Pass","Pass","Pass","Pass","Pass","Pass","Pass","Pass","Pass","Fail","Pass","Pass","Pass","Pass","Pass","Pass","Pass","Pass","Fail","Fail","localhost","2c9e8b0d-e96a-4696-825b-d3bda778344d","False"
"BDSCNBN160SAACF","Online","Fail","Pass","Pass","Pass","Pass","Fail","Pass","Pass","Pass","Pass","Pass","Pass","Pass","Pass","Pass","Pass","Pass","Pass","Pass","Pass","Pass","Pass","Pass","Pass","Pass","Pass","Pass","Pass","Pass","Pass","Pass","Pass","Pass","Pass","Pass","Pass","Pass","Pass","Pass","Pass","Pass","Pass","Pass","Pass","Pass","Pass","Pass","Pass","Pass","Pass","Pass","Pass","Pass","Pass","Pass","Pass","Fail","localhost","15e6c754-cbb5-4ab3-b498-749cdca296c7","False"
"BDSCNBN160SA41F","Online","Error","Fail","","Fail","N/A","Pass","Error","Fail","Pass","Error","Error","","Fail","Fail","","Fail","Error","Error","Fail","Fail","Fail","Fail","Error","Fail","Fail","Fail","Fail","Fail","Fail","Pass","Pass","Fail","Pass","Pass","Pass","Fail","Fail","Pass","Pass","Pass","Pass","Fail","Fail","Pass","Pass","Fail","Fail","Fail","Fail","Fail","Fail","Fail","Pass","Pass","Fail","Error","Error","localhost","c87e0d4f-39c5-4900-b07b-51f7079c60a9","False"
"BDSCNBN160SAF38","Online","Fail","Pass","Pass","Pass","Pass","Fail","Pass","Pass","Pass","Pass","Fail","Pass","Pass","Pass","Pass","Pass","Pass","Pass","Pass","Pass","Pass","Pass","Pass","Pass","Pass","Pass","Pass","Pass","Pass","Pass","Pass","Pass","Pass","Pass","Pass","Pass","Pass","Pass","Pass","Pass","Pass","Pass","Pass","Pass","Pass","Pass","Fail","Pass","Pass","Pass","Pass","Pass","Pass","Pass","Pass","Fail","Fail","localhost","7680cf1b-ad13-4113-a8b9-47d335092a47","False"
"BDSCNBN160SFFD5","Online","Fail","Pass","Pass","Pass","Pass","Fail","Pass","Pass","Pass","Pass","Fail","Pass","Pass","Pass","Pass","Pass","Pass","Pass","Pass","Pass","Pass","Pass","Pass","Pass","Pass","Pass","Pass","Pass","Pass","Pass","Pass","Pass","Pass","Pass","Pass","Pass","Pass","Pass","Pass","Pass","Pass","Pass","Pass","Pass","Pass","Pass","Fail","Pass","Pass","Pass","Pass","Pass","Pass","Pass","Pass","Fail","Fail","localhost","83f53bc9-d83f-4196-9051-4c824a7d97b0","False"
"BDSCNBN160SB05A","Online","Fail","Pass","Pass","Pass","Pass","Fail","Pass","Fail","Pass","Pass","Fail","Pass","Pass","Pass","Pass","Pass","Pass","Fail","Pass","Pass","Pass","Pass","Pass","Pass","Pass","Pass","Pass","Pass","Pass","Pass","Pass","Pass","Pass","Pass","Pass","Pass","Pass","Pass","Pass","Pass","Pass","Pass","Pass","Pass","Pass","Pass","Pass","Pass","Pass","Pass","Pass","Pass","Pass","Pass","Pass","Fail","Fail","localhost","6de1c7f3-76ab-4e63-a605-e1cf53cc3ab0","False"
"BDSCNBN160SA5CA","Online","Fail","Pass","Pass","Pass","Pass","Fail","Pass","Pass","Pass","Pass","Fail","Pass","Pass","Pass","Pass","Pass","Pass","Fail","Pass","Pass","Pass","Pass","Pass","Pass","Pass","Pass","Pass","Pass","Pass","Pass","Pass","Pass","Pass","Pass","Pass","Pass","Pass","Pass","Pass","Pass","Pass","Pass","Pass","Pass","Pass","Pass","Fail","Pass","Pass","Pass","Pass","Pass","Pass","Pass","Pass","Fail","Fail","localhost","8a875e59-dee2-4795-9529-ece9041093d5","False"
"BDSCWKN160S6C51","Online","Fail","Pass","Pass","Pass","Pass","Pass","Pass","Pass","Pass","Pass","Fail","Pass","Pass","Pass","Pass","Pass","Pass","Fail","Pass","Pass","Pass","Pass","Pass","Pass","Pass","Pass","Pass","Pass","Pass","Pass","Pass","Pass","Pass","Pass","Pass","Pass","Pass","Pass","Pass","Pass","Pass","Pass","Pass","Pass","Pass","Pass","Pass","Pass","Pass","Pass","Pass","Pass","Pass","Pass","Pass","Fail","Fail","localhost","9146e442-1f90-4ced-842a-8c3c41d450de","False"
"BDSCNBN160SADE1","Online","Fail","Pass","Pass","Pass","Pass","Fail","Pass","Pass","Pass","Pass","Fail","Pass","Pass","Pass","Pass","Pass","Pass","Fail","Pass","Pass","Pass","Pass","Pass","Pass","Pass","Pass","Pass","Pass","Pass","Pass","Pass","Pass","Pass","Pass","Pass","Pass","Pass","Pass","Pass","Pass","Pass","Pass","Pass","Pass","Pass","Pass","Pass","Pass","Pass","Pass","Pass","Pass","Pass","Pass","Pass","Fail","Fail","localhost","ba208a44-4c49-4b5b-a186-be336ec5d991","False"
"BDSCNBN160SAF2D","Online","Fail","Pass","Pass","Pass","Pass","Fail","Pass","Pass","Pass","Pass","Fail","Pass","Pass","Pass","Pass","Pass","Pass","Fail","Pass","Pass","Pass","Pass","Pass","Pass","Pass","Pass","Pass","Pass","Pass","Pass","Pass","Pass","Pass","Pass","Pass","Pass","Pass","Pass","Pass","Pass","Pass","Pass","Pass","Pass","Pass","Pass","Fail","Pass","Pass","Pass","Pass","Pass","Pass","Pass","Pass","Fail","Fail","localhost","e929b473-af94-45d7-b939-198a7091f715","False"
"BDSCWKN160SC144","Online","Fail","Pass","Pass","Pass","Pass","Fail","Pass","Pass","Pass","Pass","Fail","Pass","Pass","Pass","Pass","Pass","Pass","Fail","Pass","Pass","Pass","Pass","Pass","Pass","Pass","Pass","Pass","Pass","Pass","Pass","Pass","Pass","Pass","Pass","Pass","Pass","Pass","Pass","Pass","Pass","Pass","Pass","Pass","Pass","Pass","Pass","Pass","Pass","Pass","Pass","Pass","Pass","Pass","Pass","Pass","Pass","Fail","localhost","c717d53b-346c-4709-8492-7171d16fedc6","False"
"BDSCWKN160SA53D","Online","Fail","Pass","Pass","Pass","Pass","Fail","Pass","Pass","Pass","Pass","Pass","Pass","Pass","Pass","Pass","Pass","Pass","Fail","Pass","Pass","Pass","Pass","Pass","Pass","Pass","Pass","Pass","Pass","Pass","Pass","Pass","Pass","Pass","Pass","Pass","Pass","Pass","Pass","Pass","Pass","Pass","Pass","Pass","Pass","Pass","Pass","Fail","Pass","Pass","Pass","Pass","Pass","Pass","Pass","Pass","Pass","Fail","localhost","1937c41b-ec82-4e0d-b8f6-7dc4413d12a0","False"
"BDSCNBN160SE309","Online","Fail","Pass","Pass","Pass","Pass","Pass","Pass","Pass","Pass","Pass","Fail","Pass","Pass","Pass","Pass","Pass","Pass","Fail","Pass","Pass","Pass","Pass","Pass","Pass","Pass","Pass","Pass","Pass","Pass","Pass","Pass","Pass","Pass","Pass","Pass","Pass","Pass","Pass","Pass","Pass","Pass","Pass","Pass","Pass","Pass","Pass","Fail","Pass","Pass","Pass","Pass","Pass","Pass","Pass","Pass","Fail","Fail","localhost","1c30e98f-548d-444d-bb12-16be1f8ef99d","False"
"BDSCNBN160SA2D2","Online","Fail","Pass","Pass","Pass","Pass","Pass","Pass","Pass","Pass","Pass","Fail","Pass","Pass","Pass","Pass","Pass","Pass","Fail","Pass","Pass","Pass","Pass","Pass","Pass","Pass","Pass","Pass","Pass","Pass","Pass","Pass","Pass","Pass","Pass","Pass","Pass","Pass","Pass","Pass","Pass","Pass","Pass","Pass","Pass","Pass","Pass","Fail","Pass","Pass","Pass","Pass","Pass","Pass","Pass","Pass","Fail","Fail","localhost","9d451541-bc98-4c65-933f-f812ed538ff8","False"
"BDSCNBN160S4395","Online","Fail","Pass","Pass","Pass","Pass","Fail","Pass","Pass","Pass","Pass","Fail","Pass","Pass","Pass","Pass","Pass","Pass","Fail","Pass","Pass","Pass","Pass","Pass","Pass","Pass","Pass","Pass","Pass","Pass","Pass","Pass","Pass","Pass","Pass","Pass","Pass","Pass","Pass","Pass","Pass","Pass","Pass","Pass","Pass","Pass","Pass","Pass","Pass","Pass","Pass","Pass","Pass","Pass","Pass","Pass","Pass","Fail","localhost","967ffe98-f7dc-4637-90c5-88aeed638580","False"
"BDSCNBNMFMD66F3","Online","Fail","Fail","Pass","Pass","Pass","Pass","Pass","Pass","Pass","Pass","Pass","Pass","Pass","Pass","Pass","Fail","Fail","Fail","Pass","Fail","Pass","Pass","Fail","Pass","Pass","Pass","Pass","Pass","Pass","Pass","Pass","Pass","Pass","Pass","Pass","Pass","Pass","Pass","Pass","Pass","Pass","Pass","Pass","Pass","Pass","Pass","Pass","Pass","Pass","Pass","Pass","Pass","Pass","Pass","Pass","Pass","Fail","localhost","c42114a9-b031-48a5-b8cc-c3c3b0feceae","False"
"BDSCNBNEACSE55D","Online","Fail","Pass","Pass","Pass","Pass","Fail","Pass","Pass","Pass","Pass","Fail","Pass","Pass","Pass","Pass","Pass","Pass","Fail","Pass","Pass","Pass","Pass","Pass","Pass","Pass","Pass","Pass","Pass","Pass","Pass","Pass","Pass","Pass","Pass","Pass","Pass","Pass","Pass","Pass","Pass","Pass","Pass","Pass","Pass","Pass","Pass","Fail","Pass","Pass","Pass","Pass","Pass","Pass","Pass","Pass","Fail","Fail","localhost","398bec70-bad4-4c6a-930c-3ba977b579df","False"
"BDSCNBNEACSF01F","Online","Fail","Pass","Pass","Pass","Pass","Fail","Pass","Pass","Pass","Pass","Fail","Pass","Pass","Pass","Pass","Pass","Pass","Fail","Pass","Pass","Pass","Pass","Pass","Pass","Pass","Pass","Pass","Pass","Pass","Pass","Pass","Pass","Pass","Pass","Pass","Pass","Pass","Pass","Pass","Pass","Pass","Pass","Pass","Pass","Pass","Pass","Fail","Pass","Pass","Pass","Pass","Pass","Pass","Pass","Pass","Fail","Fail","localhost","3abe2a26-cb4d-4720-893a-d5476f303bf2","False"
"BDSCNBNEACSE39C","Online","Fail","Pass","Pass","Pass","Pass","Fail","Pass","Pass","Pass","Pass","Fail","Pass","Pass","Pass","Pass","Pass","Pass","Fail","Pass","Pass","Pass","Pass","Pass","Pass","Pass","Pass","Pass","Pass","Pass","Pass","Pass","Pass","Pass","Pass","Pass","Pass","Pass","Pass","Pass","Pass","Pass","Pass","Pass","Pass","Pass","Pass","Fail","Pass","Pass","Pass","Pass","Pass","Pass","Pass","Pass","Fail","Fail","localhost","871a4345-589a-460f-b790-dc0f1961e8ee","False"
"BDSCNBNEACSE36F","Online","Fail","Pass","Pass","Pass","Pass","Fail","Pass","Pass","Pass","Pass","Fail","Pass","Pass","Pass","Pass","Pass","Pass","Fail","Pass","Pass","Pass","Pass","Pass","Pass","Pass","Pass","Pass","Pass","Pass","Pass","Pass","Pass","Pass","Pass","Pass","Pass","Pass","Pass","Pass","Pass","Pass","Pass","Pass","Pass","Pass","Pass","Fail","Pass","Pass","Pass","Pass","Pass","Pass","Pass","Pass","Fail","Fail","localhost","189e7bae-330d-4043-bc93-d7b59a872b9f","False"
"BDSCNBNEACSEFCC","Online","Fail","Pass","Pass","Pass","Pass","Fail","Pass","Pass","Pass","Pass","Fail","Pass","Pass","Pass","Pass","Pass","Pass","Fail","Pass","Pass","Pass","Pass","Pass","Pass","Pass","Pass","Pass","Pass","Pass","Pass","Pass","Pass","Pass","Pass","Pass","Pass","Pass","Pass","Pass","Pass","Pass","Pass","Pass","Pass","Pass","Pass","Fail","Pass","Pass","Pass","Pass","Pass","Pass","Pass","Pass","Fail","Fail","localhost","057e1959-4a7f-4e9d-af92-27e5d17e9a74","False"
"BDSCNBNEACSE552","Online","Fail","Pass","Pass","Pass","Pass","Fail","Pass","Pass","Pass","Pass","Fail","Pass","Pass","Pass","Pass","Pass","Pass","Fail","Pass","Pass","Pass","Pass","Pass","Pass","Pass","Pass","Pass","Pass","Pass","Pass","Pass","Pass","Pass","Pass","Pass","Pass","Pass","Pass","Pass","Pass","Pass","Pass","Pass","Pass","Pass","Pass","Fail","Pass","Pass","Pass","Pass","Pass","Pass","Pass","Pass","Fail","Fail","localhost","d713ce76-623a-4c50-a91a-64116ece23c2","False"
"BDSCNBNCJTF8D6D","Online","Fail","Pass","Pass","Pass","Pass","Fail","Pass","Pass","Pass","Pass","Fail","Pass","Pass","Pass","Pass","Pass","Pass","Fail","Pass","Pass","Pass","Pass","Pass","Pass","Pass","Pass","Pass","Pass","Pass","Pass","Pass","Pass","Pass","Pass","Pass","Pass","Pass","Pass","Pass","Pass","Pass","Pass","Pass","Pass","Pass","Pass","Fail","Pass","Pass","Pass","Pass","Pass","Pass","Pass","Pass","Fail","Fail","localhost","96cbc811-6ea4-4211-bcbf-5d05556168e6","False"
"BDSCNBNCJ6305BC","Online","Fail","Pass","Pass","Pass","Pass","Fail","Pass","Pass","Pass","Pass","Pass","Pass","Pass","Pass","Pass","Pass","Pass","Fail","Pass","Pass","Pass","Pass","Pass","Pass","Pass","Pass","Pass","Pass","Pass","Pass","Pass","Pass","Pass","Pass","Pass","Pass","Pass","Pass","Pass","Pass","Pass","Pass","Pass","Pass","Pass","Pass","Fail","Pass","Pass","Pass","Pass","Pass","Pass","Pass","Pass","Fail","Fail","localhost","a5fe3d21-6101-4fd5-9022-6d51f60a39bd","False"
"BDSCNBNCJTF8B5C","Online","Fail","Pass","Pass","Pass","Pass","Fail","Pass","Pass","Pass","Pass","Fail","Pass","Pass","Pass","Pass","Pass","Pass","Fail","Pass","Pass","Pass","Pass","Pass","Pass","Pass","Pass","Pass","Pass","Pass","Pass","Pass","Pass","Pass","Pass","Pass","Pass","Pass","Pass","Pass","Pass","Pass","Pass","Pass","Pass","Pass","Pass","Fail","Pass","Pass","Pass","Pass","Pass","Pass","Pass","Pass","Fail","Fail","localhost","b3672326-104a-4a3a-b544-3e350612a7d3","False"
"BDSCNBNCJTF8AF8","Online","Fail","Pass","Pass","Pass","Pass","Fail","Pass","Pass","Pass","Pass","Pass","Pass","Pass","Pass","Pass","Pass","Pass","Fail","Pass","Pass","Pass","Pass","Pass","Pass","Pass","Pass","Pass","Pass","Pass","Pass","Pass","Pass","Pass","Pass","Pass","Pass","Pass","Pass","Pass","Pass","Pass","Pass","Pass","Pass","Pass","Pass","Pass","Pass","Pass","Pass","Pass","Pass","Pass","Pass","Pass","Fail","Fail","localhost","efa008b5-c566-472b-afdb-22f321297fab","False"
"BDSCNBNCMDT2CC5","Online","Fail","Pass","Pass","Pass","Pass","Fail","Pass","Pass","Pass","Pass","Fail","Pass","Pass","Pass","Pass","Pass","Pass","Fail","Pass","Pass","Pass","Pass","Pass","Pass","Pass","Pass","Pass","Pass","Pass","Pass","Pass","Pass","Pass","Pass","Pass","Pass","Pass","Pass","Pass","Pass","Pass","Pass","Pass","Pass","Pass","Pass","Pass","Pass","Pass","Pass","Pass","Pass","Pass","Pass","Pass","Fail","Fail","localhost","1ce8534c-2bed-4684-af3f-f7f5e561ad50","False"
"BDSCNBNCMDT8CB4","Online","Fail","Pass","Pass","Fail","Pass","Pass","Pass","Pass","Pass","Pass","Fail","Pass","Fail","Pass","Pass","Pass","Pass","Fail","Pass","Pass","Pass","Pass","Pass","Pass","Pass","Pass","Pass","Pass","Pass","Pass","Pass","Pass","Pass","Pass","Pass","Pass","Pass","Pass","Pass","Pass","Pass","Pass","Pass","Pass","Pass","Pass","Pass","Pass","Pass","Pass","Pass","Pass","Pass","Pass","Pass","Pass","Fail","localhost","515e12d0-dd5a-4fe8-9b85-46461d2b6e11","False"
"BDSCNBNCMDTA567","Online","Fail","Pass","Pass","Pass","Pass","Fail","Pass","Pass","Pass","Pass","Fail","Pass","Pass","Pass","Pass","Pass","Pass","Fail","Pass","Pass","Pass","Pass","Pass","Pass","Pass","Pass","Pass","Pass","Pass","Pass","Pass","Pass","Pass","Pass","Pass","Pass","Pass","Pass","Pass","Pass","Pass","Pass","Pass","Pass","Pass","Pass","Pass","Pass","Pass","Pass","Pass","Pass","Pass","Pass","Pass","Fail","Fail","localhost","8ec50bc6-805d-45eb-a950-2b70d680a282","False"
"BDSCNBNCMDT8CFC","Online","Fail","Pass","Pass","Pass","Pass","Fail","Pass","Pass","Pass","Pass","Fail","Pass","Pass","Pass","Pass","Pass","Pass","Fail","Pass","Pass","Pass","Pass","Pass","Pass","Pass","Pass","Pass","Pass","Pass","Pass","Pass","Pass","Pass","Pass","Pass","Pass","Pass","Pass","Pass","Pass","Pass","Pass","Pass","Pass","Pass","Pass","Fail","Pass","Pass","Pass","Pass","Pass","Pass","Pass","Pass","Fail","Fail","localhost","b5662772-d3a0-4582-9dc5-4e599bbc0c45","False"
"BDSCNBNCMDTA3AB","Online","Fail","Pass","Pass","Pass","Pass","Fail","Pass","Pass","Pass","Pass","Fail","Pass","Pass","Pass","Pass","Pass","Pass","Fail","Pass","Pass","Pass","Pass","Pass","Pass","Pass","Pass","Pass","Pass","Pass","Pass","Pass","Pass","Pass","Pass","Pass","Pass","Pass","Pass","Pass","Pass","Pass","Pass","Pass","Pass","Pass","Pass","Fail","Pass","Pass","Pass","Pass","Pass","Pass","Pass","Pass","Fail","Fail","localhost","7360b866-5d2e-4f93-9dfa-8e6750f2b606","False"
"BDSCWKNHRC028F4","Online","Fail","Pass","Pass","Pass","Pass","Fail","Pass","Fail","Pass","Pass","Fail","Fail","Pass","Pass","Pass","Pass","Pass","Fail","Pass","Pass","Pass","Pass","Pass","Pass","Pass","Pass","Pass","Pass","Pass","Pass","Pass","Pass","Pass","Pass","Pass","Pass","Pass","Pass","Pass","Pass","Pass","Pass","Pass","Pass","Pass","Pass","Fail","Pass","Pass","Pass","Pass","Pass","Pass","Pass","Pass","Fail","Fail","localhost","be623cd5-de1d-4284-9572-66be31084833","False"
"BDSCNBNCMDTCABB","Online","Error","Fail","","Fail","N/A","Pass","Error","Fail","Pass","Error","Error","","Fail","Fail","","Fail","Error","Error","Fail","Fail","Fail","Pass","Error","Fail","Fail","Fail","Fail","Fail","Fail","Pass","Pass","Fail","Pass","Pass","Pass","Fail","Fail","Pass","Pass","Pass","Pass","Fail","Fail","Pass","Pass","Fail","Fail","Fail","Fail","Fail","Fail","Fail","Pass","Pass","Fail","Error","Error","localhost","62ad8599-5560-4300-9a62-b9a43c3b3852","False"
"BDSCNBNCMDTD151","Online","Fail","Pass","Pass","Pass","Pass","Fail","Pass","Fail","Pass","Pass","Fail","Pass","Pass","Pass","Pass","Pass","Pass","Fail","Pass","Pass","Pass","Pass","Pass","Pass","Pass","Pass","Pass","Pass","Pass","Pass","Pass","Pass","Pass","Pass","Pass","Pass","Pass","Pass","Pass","Pass","Pass","Pass","Pass","Pass","Pass","Pass","Pass","Pass","Pass","Pass","Pass","Pass","Pass","Pass","Pass","Fail","Fail","localhost","a1fca533-1f5f-4ca4-abfd-4109a6706cbe","False"
"BDSCNBN1FLEDD12","Online","Fail","Pass","Pass","Fail","Pass","Fail","Pass","Pass","Pass","Pass","Fail","Pass","Fail","Pass","Pass","Pass","Pass","Fail","Pass","Pass","Pass","Pass","Pass","Pass","Pass","Pass","Pass","Pass","Pass","Pass","Pass","Pass","Pass","Pass","Pass","Pass","Pass","Pass","Pass","Pass","Pass","Pass","Pass","Pass","Pass","Pass","Fail","Pass","Pass","Pass","Pass","Pass","Pass","Pass","Pass","Fail","Fail","localhost","e6e65f27-a604-4c83-9c54-a6af6c01fc4f","False"
"BDSCNBN1FLE8AC2","Online","Fail","Pass","Pass","Pass","Pass","Fail","Pass","Fail","Pass","Pass","Fail","Pass","Pass","Pass","Pass","Pass","Pass","Fail","Pass","Pass","Pass","Pass","Pass","Pass","Pass","Pass","Pass","Pass","Pass","Pass","Pass","Pass","Pass","Pass","Pass","Pass","Pass","Pass","Pass","Pass","Pass","Pass","Pass","Pass","Pass","Pass","Fail","Pass","Pass","Pass","Pass","Pass","Pass","Pass","Pass","Fail","Fail","localhost","71acf401-c3b2-46fa-8bc3-18e9d8a2c53e","False"
"BDSCNBN1FLE469F","Online","Fail","Pass","Pass","Pass","Pass","Fail","Pass","Pass","Pass","Pass","Fail","Pass","Pass","Pass","Pass","Pass","Pass","Fail","Pass","Pass","Pass","Pass","Pass","Pass","Pass","Pass","Pass","Pass","Pass","Pass","Pass","Pass","Pass","Pass","Pass","Pass","Pass","Pass","Pass","Pass","Pass","Pass","Pass","Pass","Pass","Pass","Fail","Pass","Pass","Pass","Pass","Pass","Pass","Pass","Pass","Fail","Fail","localhost","727f590f-7fe6-40b4-ac61-ea6a6997c50e","False"
"BDSCNBN1FLE109F","Online","Fail","Pass","Pass","Pass","Pass","Fail","Pass","Pass","Pass","Pass","Fail","Pass","Pass","Pass","Pass","Pass","Pass","Fail","Pass","Pass","Pass","Pass","Pass","Pass","Pass","Pass","Pass","Pass","Pass","Pass","Pass","Pass","Pass","Pass","Pass","Pass","Pass","Pass","Pass","Pass","Pass","Pass","Pass","Pass","Pass","Pass","Fail","Pass","Pass","Pass","Pass","Pass","Pass","Pass","Pass","Fail","Fail","localhost","1ca7a25e-879b-41fa-9539-ed15ce2e5f5d","False"
"BDSCNBN1FLE40E4","Online","Fail","Pass","Pass","Pass","Pass","Fail","Pass","Pass","Pass","Pass","Fail","Pass","Pass","Pass","Pass","Pass","Pass","Fail","Pass","Pass","Pass","Pass","Pass","Pass","Pass","Pass","Pass","Pass","Pass","Pass","Pass","Pass","Pass","Pass","Pass","Pass","Pass","Pass","Pass","Pass","Pass","Pass","Pass","Pass","Pass","Pass","Fail","Pass","Pass","Pass","Pass","Pass","Pass","Pass","Pass","Fail","Fail","localhost","ac299a2f-5172-4a15-9cbc-2f1448b8b788","False"
"BDSCNBN1FLEB5E5","Online","Fail","Pass","Pass","Pass","Pass","Fail","Pass","Fail","Pass","Pass","Fail","Pass","Pass","Pass","Pass","Pass","Pass","Fail","Pass","Pass","Pass","Pass","Pass","Pass","Pass","Pass","Pass","Pass","Pass","Pass","Pass","Pass","Pass","Pass","Pass","Pass","Pass","Pass","Pass","Pass","Pass","Pass","Pass","Pass","Pass","Pass","Fail","Pass","Pass","Pass","Pass","Pass","Pass","Pass","Pass","Fail","Fail","localhost","50868407-d4f3-4f9a-8ac0-8267d89fe7fc","False"
"BDSCNBN1FLEDF67","Online","Fail","Pass","Pass","Pass","Pass","Fail","Pass","Pass","Pass","Pass","Fail","Pass","Pass","Pass","Pass","Pass","Pass","Fail","Pass","Pass","Pass","Pass","Pass","Pass","Pass","Pass","Pass","Pass","Pass","Pass","Pass","Pass","Pass","Pass","Pass","Pass","Pass","Pass","Pass","Pass","Pass","Pass","Pass","Pass","Pass","Pass","Pass","Pass","Pass","Pass","Pass","Pass","Pass","Pass","Pass","Fail","Fail","localhost","b0511255-9f66-4438-9326-4bb6b3bd04a5","False"
"BDSCWKN1FLE7962","Online","Fail","Pass","Pass","Pass","Pass","Fail","Pass","Pass","Pass","Pass","Fail","Pass","Pass","Pass","Pass","Pass","Pass","Fail","Pass","Pass","Pass","Pass","Pass","Pass","Pass","Pass","Pass","Pass","Pass","Pass","Pass","Pass","Pass","Pass","Pass","Pass","Pass","Pass","Pass","Pass","Pass","Pass","Pass","Pass","Pass","Pass","Pass","Pass","Pass","Pass","Pass","Pass","Pass","Pass","Pass","Fail","Fail","localhost","6873c227-f02e-4008-a1d7-87c3e3108a8e","False"
"BDSCNBN1FLE93C1","Online","Fail","Pass","Pass","Pass","Pass","Fail","Pass","Fail","Pass","Pass","Fail","Pass","Pass","Pass","Pass","Pass","Pass","Fail","Pass","Pass","Pass","Pass","Pass","Pass","Pass","Pass","Pass","Pass","Pass","Pass","Pass","Pass","Pass","Pass","Pass","Pass","Pass","Pass","Pass","Pass","Pass","Pass","Pass","Pass","Pass","Pass","Fail","Pass","Pass","Pass","Pass","Pass","Pass","Pass","Pass","Fail","Fail","localhost","7be06f5d-e84a-4208-8900-f30ebff3b763","False"
"BDSCNBN1FLE082C","Online","Fail","Pass","Pass","Pass","Pass","Fail","Pass","Pass","Pass","Pass","Fail","Pass","Pass","Pass","Pass","Pass","Pass","Fail","Pass","Pass","Pass","Pass","Pass","Pass","Pass","Pass","Pass","Pass","Pass","Pass","Pass","Pass","Pass","Pass","Pass","Pass","Pass","Pass","Pass","Pass","Pass","Pass","Pass","Pass","Pass","Pass","Fail","Pass","Pass","Pass","Pass","Pass","Pass","Pass","Pass","Fail","Fail","localhost","b41d6afc-6ec8-4061-b27b-2b01e428defb","False"
"BDSCNBN1FLEBE35","Online","Fail","Pass","Pass","Pass","Pass","Fail","Pass","Pass","Pass","Pass","Fail","Pass","Pass","Pass","Pass","Pass","Pass","Fail","Pass","Pass","Pass","Pass","Pass","Pass","Pass","Pass","Pass","Pass","Pass","Pass","Pass","Pass","Pass","Pass","Pass","Pass","Pass","Pass","Pass","Pass","Pass","Pass","Pass","Pass","Pass","Pass","Fail","Pass","Pass","Pass","Pass","Pass","Pass","Pass","Pass","Fail","Fail","localhost","abfe751e-d327-4327-b410-951f589b0fac","False"
"BDSCNBN1FLE082D","Online","Fail","Pass","Pass","Pass","Pass","Fail","Pass","Pass","Pass","Pass","Fail","Pass","Pass","Pass","Pass","Pass","Pass","Fail","Pass","Pass","Pass","Pass","Pass","Pass","Pass","Pass","Pass","Pass","Pass","Pass","Pass","Pass","Pass","Pass","Pass","Pass","Pass","Pass","Pass","Pass","Pass","Pass","Pass","Pass","Pass","Pass","Fail","Pass","Pass","Pass","Pass","Pass","Pass","Pass","Pass","Pass","Fail","localhost","c158a86f-b3cc-486c-bbd5-c2ee64f471a8","False"
"BDSCNBN1FLE105F","Online","Fail","Pass","Pass","Pass","Pass","Fail","Pass","Pass","Pass","Pass","Fail","Pass","Pass","Pass","Pass","Pass","Pass","Fail","Pass","Pass","Pass","Pass","Pass","Pass","Pass","Pass","Pass","Pass","Pass","Pass","Pass","Pass","Pass","Pass","Pass","Pass","Pass","Pass","Pass","Pass","Pass","Pass","Pass","Pass","Pass","Pass","Pass","Pass","Pass","Pass","Pass","Pass","Pass","Pass","Pass","Pass","Fail","localhost","f0257ee0-1dc8-49b1-8e5d-5c5d8c9f8abf","False"
"BDSCNBN1FLE7581","Online","Fail","Pass","Pass","Pass","Pass","Fail","Pass","Pass","Pass","Pass","Fail","Pass","Pass","Pass","Pass","Pass","Pass","Fail","Pass","Pass","Pass","Pass","Pass","Pass","Pass","Pass","Pass","Pass","Pass","Pass","Pass","Pass","Pass","Pass","Pass","Pass","Pass","Pass","Pass","Pass","Pass","Pass","Pass","Pass","Pass","Pass","Pass","Pass","Pass","Pass","Pass","Pass","Pass","Pass","Pass","Fail","Fail","localhost","661bf685-578f-4f43-b91d-eec190841afe","False"
"BDSCNBN1FLE6D41","Online","Fail","Pass","Pass","Pass","Pass","Fail","Pass","Pass","Pass","Pass","Fail","Pass","Pass","Pass","Pass","Pass","Pass","Fail","Pass","Pass","Pass","Pass","Pass","Pass","Pass","Pass","Pass","Pass","Pass","Pass","Pass","Pass","Pass","Pass","Pass","Pass","Pass","Pass","Pass","Pass","Pass","Pass","Pass","Pass","Pass","Pass","Pass","Pass","Pass","Pass","Pass","Pass","Pass","Pass","Pass","Fail","Fail","localhost","d271fd80-7bf8-4178-af76-c065b1ba34ce","False"
"BDSCNBN1FLE3631","Online","Fail","Pass","Pass","Pass","Pass","Fail","Pass","Pass","Pass","Pass","Fail","Pass","Pass","Pass","Pass","Pass","Pass","Fail","Pass","Pass","Pass","Pass","Pass","Pass","Pass","Pass","Pass","Pass","Pass","Pass","Pass","Pass","Pass","Pass","Pass","Pass","Pass","Pass","Pass","Pass","Pass","Pass","Pass","Pass","Pass","Pass","Fail","Pass","Pass","Pass","Pass","Pass","Pass","Pass","Pass","Fail","Fail","localhost","76f65f68-f99d-4c64-a810-8df66ec21b71","False"
"BDSCNBN1FLE6D1D","Online","Fail","Pass","Pass","Pass","Pass","Fail","Pass","Pass","Pass","Pass","Fail","Pass","Pass","Pass","Pass","Pass","Pass","Fail","Pass","Pass","Pass","Pass","Pass","Pass","Pass","Pass","Pass","Pass","Pass","Pass","Pass","Pass","Pass","Pass","Pass","Pass","Pass","Pass","Pass","Pass","Pass","Pass","Pass","Pass","Pass","Pass","Fail","Pass","Pass","Pass","Pass","Pass","Pass","Pass","Pass","Fail","Fail","localhost","773b492c-2f78-48b8-9e25-1f991353ec08","False"
"BDSCNBN1FLEBEF8","Online","Fail","Pass","Pass","Pass","Pass","Fail","Pass","Pass","Pass","Pass","Fail","Pass","Pass","Pass","Pass","Pass","Pass","Fail","Pass","Pass","Pass","Pass","Pass","Pass","Pass","Pass","Pass","Pass","Pass","Pass","Pass","Pass","Pass","Pass","Pass","Pass","Pass","Pass","Pass","Pass","Pass","Pass","Pass","Pass","Pass","Pass","Fail","Pass","Pass","Pass","Pass","Pass","Pass","Pass","Pass","Fail","Fail","localhost","cb780243-f014-4ab0-ac49-40014baad7b8","False"
"BDSCNBN1FLE6D24","Online","Fail","Pass","Pass","Pass","Pass","Fail","Pass","Pass","Pass","Pass","Fail","Pass","Pass","Pass","Pass","Pass","Pass","Fail","Pass","Pass","Pass","Pass","Pass","Pass","Pass","Pass","Pass","Pass","Pass","Pass","Pass","Pass","Pass","Pass","Pass","Pass","Pass","Pass","Pass","Pass","Pass","Pass","Pass","Pass","Pass","Pass","Fail","Pass","Pass","Pass","Pass","Pass","Pass","Pass","Pass","Fail","Fail","localhost","c200d9cc-ad01-49f3-b749-a41b5e1629d9","False"
"BDSCNBN1FLE6674","Online","Fail","Pass","Pass","Pass","Pass","Fail","Pass","Pass","Pass","Pass","Pass","Pass","Pass","Pass","Pass","Pass","Pass","Fail","Pass","Pass","Pass","Pass","Pass","Pass","Pass","Pass","Pass","Pass","Pass","Pass","Pass","Pass","Pass","Pass","Pass","Pass","Pass","Pass","Pass","Pass","Pass","Pass","Pass","Pass","Pass","Pass","Pass","Pass","Pass","Pass","Pass","Pass","Pass","Pass","Pass","Pass","Fail","localhost","6b080d83-b671-4590-a9ee-7cf10d50d65b","False"
"BDSCNBN1FLEE740","Online","Fail","Pass","Pass","Pass","Pass","Fail","Pass","Pass","Pass","Pass","Pass","Pass","Pass","Pass","Pass","Pass","Pass","Fail","Pass","Pass","Pass","Pass","Pass","Pass","Pass","Pass","Pass","Pass","Pass","Pass","Pass","Pass","Pass","Pass","Pass","Pass","Pass","Pass","Pass","Pass","Pass","Pass","Pass","Pass","Pass","Pass","Pass","Pass","Pass","Pass","Pass","Pass","Pass","Pass","Pass","Fail","Fail","localhost","c0205d73-dbc9-4641-ba9e-6ace7cc14e04","False"
"BDSCNBN1FLEC6A4","Online","Fail","Pass","Pass","Pass","Pass","Fail","Pass","Pass","Pass","Pass","Fail","","Pass","Pass","Pass","Pass","Pass","Fail","Pass","Pass","Pass","Pass","Pass","Pass","Pass","Pass","Pass","Pass","Fail","Fail","Pass","Pass","Pass","Pass","Pass","Pass","Pass","Pass","Pass","Pass","Pass","Pass","Pass","Pass","Pass","Pass","Fail","Pass","Pass","Pass","Pass","Pass","Pass","Pass","Pass","Fail","Fail","localhost","cd2bbce1-1590-4887-83d6-1798b5ea63d6","False"
"BDSCNBN1FLE190D","Online","Fail","Pass","Pass","Pass","Pass","Fail","Pass","Pass","Pass","Pass","Fail","Pass","Pass","Pass","Pass","Pass","Pass","Fail","Pass","Pass","Pass","Pass","Pass","Pass","Pass","Pass","Pass","Pass","Pass","Pass","Pass","Pass","Pass","Pass","Pass","Pass","Pass","Pass","Pass","Pass","Pass","Pass","Pass","Pass","Pass","Pass","Pass","Pass","Pass","Pass","Pass","Pass","Pass","Pass","Pass","Fail","Fail","localhost","92eefb07-0a43-458f-a435-6e374e7d4578","False"
"BDSCNBN1FLEC472","Online","Fail","Pass","Pass","Pass","Pass","Fail","Pass","Pass","Pass","Pass","Fail","Pass","Pass","Pass","Pass","Pass","Pass","Fail","Pass","Pass","Pass","Pass","Pass","Pass","Pass","Pass","Pass","Pass","Pass","Pass","Pass","Pass","Pass","Pass","Pass","Pass","Pass","Pass","Pass","Pass","Pass","Pass","Pass","Pass","Pass","Pass","Pass","Pass","Pass","Pass","Pass","Pass","Pass","Pass","Pass","Pass","Fail","localhost","31b4a93a-d72c-47d7-937d-24565bc6e786","False"
"BDSCNBN1FLE5602","Online","Fail","Pass","Pass","Pass","Pass","Fail","Pass","Pass","Pass","Pass","Pass","Pass","Pass","Pass","Pass","Pass","Pass","Fail","Pass","Pass","Pass","Pass","Pass","Pass","Pass","Pass","Pass","Pass","Pass","Pass","Pass","Pass","Pass","Pass","Pass","Pass","Pass","Pass","Pass","Pass","Pass","Pass","Pass","Pass","Pass","Pass","Pass","Pass","Pass","Pass","Pass","Pass","Pass","Pass","Pass","Pass","Fail","localhost","f6fa0801-7f7f-4fda-a2a9-e26bfba575fc","False"
"BDSCWKN1MCT89BD","Online","Fail","Pass","Pass","Pass","Pass","Pass","Pass","Fail","Pass","Pass","Fail","Pass","Pass","Pass","Pass","Pass","Pass","Fail","Pass","Pass","Pass","Pass","Pass","Pass","Pass","Pass","Pass","Pass","Pass","Pass","Pass","Pass","Pass","Pass","Pass","Pass","Pass","Pass","Pass","Pass","Pass","Pass","Pass","Pass","Pass","Pass","Pass","Pass","Pass","Pass","Pass","Pass","Pass","Pass","Pass","Pass","Fail","localhost","21206215-d086-4ef1-9182-0291272a2a72","False"
"BDSCNBNMCTF96EF","Online","Fail","Pass","Pass","Pass","Pass","Fail","Pass","Pass","Pass","Pass","Fail","Pass","Pass","Pass","Pass","Pass","Pass","Fail","Pass","Pass","Pass","Pass","Pass","Pass","Pass","Pass","Pass","Pass","Pass","Pass","Pass","Pass","Pass","Pass","Pass","Pass","Pass","Pass","Pass","Pass","Pass","Pass","Pass","Pass","Pass","Pass","Fail","Pass","Pass","Pass","Pass","Pass","Pass","Pass","Pass","Fail","Fail","localhost","791abd62-6e1f-4b63-95ca-3ba1dba678e1","False"
"BDSCWKN1MCTBCF6","Online","Fail","Pass","Pass","Pass","Pass","Fail","Pass","Fail","Pass","Pass","Pass","Pass","Pass","Pass","Pass","Pass","Pass","Fail","Pass","Pass","Pass","Pass","Pass","Pass","Pass","Pass","Pass","Pass","Pass","Pass","Pass","Pass","Pass","Pass","Pass","Pass","Pass","Pass","Pass","Pass","Pass","Pass","Pass","Pass","Pass","Pass","Fail","Pass","Pass","Pass","Pass","Pass","Pass","Pass","Pass","Pass","Fail","localhost","1fa3a1d1-750a-4314-8094-91c8d9c486b0","False"
"TAJIWKNB56114B2","Online","Fail","Pass","Pass","Pass","Pass","Fail","Pass","Fail","Pass","Pass","Fail","Pass","Pass","Pass","Pass","Pass","Pass","Fail","Pass","Pass","Pass","Pass","Pass","Pass","Pass","Pass","Pass","Pass","Pass","Pass","Pass","Pass","Pass","Pass","Pass","Pass","Pass","Pass","Pass","Pass","Pass","Pass","Pass","Pass","Pass","Pass","Pass","Pass","Pass","Pass","Pass","Pass","Pass","Pass","Pass","Fail","Fail","localhost","8d37bd64-e537-4004-b180-5bf93d043b0b","False"
"BDSCNBNMCTF2547","Online","Fail","Pass","Pass","Pass","Pass","Fail","Pass","Fail","Pass","Pass","Pass","Pass","Pass","Pass","Pass","Pass","Pass","Fail","Pass","Pass","Pass","Pass","Pass","Pass","Pass","Pass","Pass","Pass","Pass","Pass","Pass","Pass","Pass","Pass","Pass","Pass","Pass","Pass","Pass","Pass","Pass","Pass","Pass","Pass","Pass","Pass","Fail","Pass","Pass","Pass","Pass","Pass","Pass","Pass","Pass","Fail","Fail","localhost","4b9511c0-16d9-402b-81dd-abb1b26d4ed8","False"
"BDSCWKN1MCTE1F2","Online","Fail","Pass","Pass","Pass","Pass","Fail","Pass","Pass","Pass","Pass","Pass","Pass","Pass","Pass","Pass","Pass","Pass","Fail","Pass","Pass","Pass","Pass","Pass","Pass","Pass","Pass","Pass","Pass","Pass","Pass","Pass","Pass","Pass","Pass","Pass","Pass","Pass","Pass","Pass","Pass","Pass","Pass","Pass","Pass","Pass","Pass","Fail","Pass","Pass","Pass","Pass","Pass","Pass","Pass","Pass","Fail","Fail","localhost","cf4c9f18-0e7f-4ae0-a468-7ef06c72fcd6","False"
"BDSCNBN1FLE9BDF","Online","Fail","Pass","Pass","Pass","Pass","Fail","Pass","Fail","Pass","Pass","Fail","Pass","Pass","Pass","Pass","Pass","Pass","Fail","Pass","Pass","Pass","Pass","Pass","Pass","Pass","Pass","Pass","Pass","Pass","Pass","Pass","Pass","Pass","Pass","Pass","Pass","Pass","Pass","Pass","Pass","Pass","Pass","Pass","Pass","Pass","Pass","Fail","Pass","Pass","Pass","Pass","Pass","Pass","Pass","Pass","Fail","Fail","localhost","d2dbc51c-11c5-4903-ab1d-b6828169d8f0","False"
"BDSCWKNCUST2BFE","Online","Fail","Pass","Pass","Pass","Pass","Fail","Pass","Pass","Pass","Pass","Fail","Pass","Pass","Pass","Pass","Pass","Pass","Fail","Pass","Pass","Pass","Pass","Pass","Pass","Pass","Pass","Pass","Pass","Pass","Pass","Pass","Pass","Pass","Pass","Pass","Pass","Pass","Pass","Pass","Pass","Pass","Pass","Pass","Pass","Pass","Pass","Pass","Pass","Pass","Pass","Pass","Pass","Pass","Pass","Pass","Fail","Fail","localhost","8fbbd298-4d52-46bb-bb99-2965d5574902","False"
"BDSCWKN1FLE7C22","Online","Fail","Pass","Pass","Pass","Pass","Fail","Pass","Pass","Pass","Pass","Fail","Pass","Pass","Pass","Pass","Pass","Pass","Fail","Pass","Pass","Pass","Pass","Pass","Pass","Pass","Pass","Pass","Pass","Pass","Pass","Pass","Pass","Pass","Pass","Pass","Pass","Pass","Pass","Pass","Pass","Pass","Pass","Pass","Pass","Pass","Pass","Fail","Pass","Pass","Pass","Pass","Pass","Pass","Pass","Pass","Fail","Fail","localhost","339f968c-a82b-4827-b8e6-29836b9ae957","False"
"BDSCNBNCJTFFC85","Online","Fail","Pass","Pass","Pass","Pass","Fail","Pass","Fail","Pass","Pass","Fail","Pass","Pass","Pass","Pass","Pass","Pass","Fail","Pass","Pass","Pass","Pass","Pass","Pass","Pass","Pass","Pass","Pass","Pass","Pass","Pass","Pass","Pass","Pass","Pass","Pass","Pass","Pass","Pass","Pass","Pass","Pass","Pass","Pass","Pass","Pass","Fail","Pass","Pass","Pass","Pass","Pass","Pass","Pass","Pass","Fail","Fail","localhost","06101e8c-87ee-480e-967c-9b047c769fda","False"
"BDSCWKNAEAGBE94","Online","Fail","Pass","Pass","Pass","Pass","Fail","Pass","Pass","Pass","Pass","Fail","Pass","Pass","Pass","Pass","Pass","Pass","Fail","Pass","Pass","Pass","Pass","Pass","Pass","Pass","Pass","Pass","Pass","Pass","Pass","Pass","Pass","Pass","Pass","Pass","Pass","Pass","Pass","Pass","Pass","Pass","Pass","Pass","Pass","Pass","Pass","Fail","Pass","Pass","Pass","Pass","Pass","Pass","Pass","Pass","Fail","Fail","localhost","f4ecc148-11d9-43dd-a4fb-ef41f9823d8f","False"
"BDSCWKNPAE41163","Online","Fail","Pass","Pass","Pass","Pass","Fail","Pass","Fail","Pass","Pass","Pass","Pass","Pass","Pass","Pass","Pass","Pass","Fail","Pass","Pass","Pass","Pass","Pass","Pass","Pass","Pass","Pass","Pass","Pass","Pass","Pass","Pass","Pass","Pass","Pass","Pass","Pass","Pass","Pass","Pass","Pass","Pass","Pass","Pass","Pass","Pass","Fail","Pass","Pass","Pass","Pass","Pass","Pass","Pass","Pass","Fail","Fail","localhost","44e2b1ef-33fb-475c-a3ef-f467a6b32e57","False"
"BDSCWKNAEAS7064","Online","Fail","Pass","Pass","Pass","Pass","Fail","Pass","Pass","Pass","Pass","Fail","Pass","Pass","Pass","Pass","Pass","Pass","Fail","Pass","Pass","Pass","Pass","Pass","Pass","Pass","Pass","Pass","Pass","Pass","Pass","Pass","Pass","Pass","Pass","Pass","Pass","Pass","Pass","Pass","Pass","Pass","Pass","Pass","Pass","Pass","Pass","Fail","Pass","Pass","Pass","Pass","Pass","Pass","Pass","Pass","Fail","Fail","localhost","73c30576-e878-49f9-81f3-0c549593deb9","False"
"BDSCWKNAEAGBED9","Online","Fail","Pass","Pass","Pass","Pass","Fail","Pass","Pass","Pass","Pass","Fail","Pass","Pass","Pass","Pass","Pass","Pass","Fail","Pass","Pass","Pass","Pass","Pass","Pass","Pass","Pass","Pass","Pass","Pass","Pass","Pass","Pass","Pass","Pass","Pass","Pass","Pass","Pass","Pass","Pass","Pass","Pass","Pass","Pass","Pass","Pass","Fail","Pass","Pass","Pass","Pass","Pass","Pass","Pass","Pass","Fail","Fail","localhost","baab26ef-cef2-4ae8-a00c-2f4bb34defc3","False"
"BDSCNBNPAE4992A","Online","Fail","Pass","Pass","Pass","Pass","Pass","Pass","Pass","Pass","Pass","Fail","Pass","Pass","Pass","Pass","Pass","Pass","Fail","Pass","Pass","Pass","Pass","Pass","Pass","Pass","Pass","Pass","Pass","Pass","Pass","Pass","Pass","Pass","Pass","Pass","Pass","Pass","Pass","Pass","Pass","Pass","Pass","Pass","Pass","Pass","Pass","Pass","Pass","Pass","Pass","Pass","Pass","Pass","Pass","Pass","Fail","Fail","localhost","208c18bc-c5a2-4c46-b4e1-75ae34f5a45a","False"
"BDSCNBNARC1A590","Online","Fail","Pass","Pass","Pass","Pass","Fail","Pass","Pass","Pass","Pass","Fail","Pass","Pass","Pass","Pass","Pass","Pass","Fail","Pass","Pass","Pass","Pass","Pass","Pass","Pass","Pass","Pass","Pass","Pass","Pass","Pass","Pass","Pass","Pass","Pass","Pass","Pass","Pass","Pass","Pass","Pass","Pass","Pass","Pass","Pass","Pass","Fail","Pass","Pass","Pass","Pass","Pass","Pass","Pass","Pass","Fail","Fail","localhost","bb270063-4fdb-4c2d-bbf4-fc83a1d8b06c","False"
"BDSCNBNARC18AF9","Online","Fail","Pass","Pass","Pass","Pass","Fail","Pass","Pass","Pass","Pass","Fail","Pass","Pass","Pass","Pass","Pass","Pass","Fail","Pass","Pass","Pass","Pass","Pass","Pass","Pass","Pass","Pass","Pass","Pass","Pass","Pass","Pass","Pass","Pass","Pass","Pass","Pass","Pass","Pass","Pass","Pass","Pass","Pass","Pass","Pass","Pass","Pass","Pass","Pass","Pass","Pass","Pass","Pass","Pass","Pass","Fail","Fail","localhost","96416f95-48ec-42e0-b48f-4069220c4216","False"
"BDSCNBNTFMDA41F","Online","Fail","Pass","Pass","Pass","Pass","Fail","Pass","Pass","Pass","Pass","Fail","Pass","Pass","Pass","Pass","Pass","Pass","Fail","Pass","Pass","Pass","Pass","Pass","Pass","Pass","Pass","Pass","Pass","Pass","Pass","Pass","Pass","Pass","Pass","Pass","Pass","Pass","Pass","Pass","Pass","Pass","Pass","Pass","Pass","Pass","Pass","Fail","Pass","Pass","Pass","Pass","Pass","Pass","Pass","Pass","Fail","Fail","localhost","8e651d72-1100-42c9-ab15-429b5515f5c1","False"
"BDSCNBNTFMD5DE0","Online","Fail","Pass","Pass","Pass","Pass","Fail","Pass","Pass","Pass","Pass","Fail","Pass","Pass","Pass","Pass","Pass","Pass","Fail","Pass","Pass","Pass","Pass","Pass","Pass","Pass","Pass","Pass","Pass","Pass","Pass","Pass","Pass","Pass","Pass","Pass","Pass","Pass","Pass","Pass","Pass","Pass","Pass","Pass","Pass","Pass","Pass","Pass","Pass","Pass","Pass","Pass","Pass","Pass","Pass","Pass","Fail","Fail","localhost","6f3f1817-c2db-43e4-958a-ed5f03bcea38","False"
"BDSCNBNTFMD8D9A","Online","Fail","Pass","Pass","Pass","Pass","Fail","Pass","Pass","Pass","Pass","Fail","Pass","Pass","Pass","Pass","Pass","Pass","Fail","Pass","Pass","Pass","Pass","Pass","Pass","Pass","Pass","Pass","Pass","Pass","Pass","Pass","Pass","Pass","Pass","Pass","Pass","Pass","Pass","Pass","Pass","Pass","Pass","Pass","Pass","Pass","Pass","Fail","Pass","Pass","Pass","Pass","Pass","Pass","Pass","Pass","Fail","Fail","localhost","bfa1cce7-2052-4cbd-b43e-1f23b81c5a2c","False"
"BDSCNBNTFMD827B","Online","Fail","Pass","","Pass","Pass","Fail","Pass","Pass","Pass","Pass","Fail","Pass","Pass","Pass","Pass","Pass","Pass","Fail","Pass","Pass","Pass","Pass","Pass","Pass","Pass","Pass","Pass","Pass","Pass","Pass","Pass","Pass","Pass","Pass","Pass","Pass","Pass","Pass","Pass","Pass","Pass","Pass","Pass","Pass","Pass","Pass","Fail","Pass","Pass","Pass","Pass","Pass","Pass","Pass","Pass","Pass","Fail","localhost","80d9886e-a04b-45b7-aa89-6cd51c9da7e0","False"
"BDSCNBNTFMD7946","Online","Fail","Pass","Pass","Pass","Pass","Fail","Pass","Fail","Pass","Pass","Pass","Pass","Pass","Pass","Pass","Pass","Pass","Fail","Pass","Pass","Pass","Pass","Pass","Pass","Pass","Pass","Pass","Pass","Pass","Pass","Pass","Pass","Pass","Pass","Pass","Pass","Pass","Pass","Pass","Pass","Pass","Pass","Pass","Pass","Pass","Pass","Fail","Pass","Pass","Pass","Pass","Pass","Pass","Pass","Pass","Fail","Fail","localhost","544a51d3-0dee-42e5-9a15-e46a6eeb9754","False"
"BDSCNBNTFMDD8CC","Online","Fail","Pass","Pass","Pass","Pass","Fail","Pass","Pass","Pass","Pass","Fail","Pass","Pass","Pass","Pass","Pass","Pass","Fail","Pass","Pass","Pass","Pass","Pass","Pass","Pass","Pass","Pass","Pass","Pass","Pass","Pass","Pass","Pass","Pass","Pass","Pass","Pass","Pass","Pass","Pass","Pass","Pass","Pass","Pass","Pass","Pass","Pass","Pass","Pass","Pass","Pass","Pass","Pass","Pass","Pass","Fail","Fail","localhost","c1bee9ec-d5a3-4f96-82bb-43d926975e59","False"
"BDSCNBNTFMD4C4C","Online","Fail","Pass","Pass","Pass","Pass","Fail","Pass","Pass","Pass","Pass","Fail","Pass","Pass","Pass","Pass","Pass","Pass","Fail","Pass","Pass","Pass","Pass","Pass","Pass","Pass","Pass","Pass","Pass","Pass","Pass","Pass","Pass","Pass","Pass","Pass","Pass","Pass","Pass","Pass","Pass","Pass","Pass","Pass","Pass","Pass","Pass","Pass","Pass","Pass","Pass","Pass","Pass","Pass","Pass","Pass","Fail","Fail","localhost","6fe69b11-1337-48ce-af2c-54f1b4cc229f","False"
"BDSCNBNTFMDC967","Online","Fail","Pass","Pass","Pass","Pass","Fail","Pass","Pass","Pass","Pass","Fail","Pass","Pass","Pass","Pass","Pass","Pass","Fail","Pass","Pass","Pass","Pass","Pass","Pass","Pass","Pass","Pass","Pass","Pass","Pass","Pass","Pass","Pass","Pass","Pass","Pass","Pass","Pass","Pass","Pass","Pass","Pass","Pass","Pass","Pass","Pass","Pass","Pass","Pass","Pass","Pass","Pass","Pass","Pass","Pass","Fail","Fail","localhost","117d70f0-d329-4dbb-917f-d14b5d9d3cb8","False"
"BDSCNBNTFMD8B83","Online","Fail","Pass","Pass","Pass","Pass","Fail","Pass","Pass","Pass","Pass","Fail","Pass","Pass","Pass","Pass","Pass","Pass","Fail","Pass","Pass","Pass","Pass","Pass","Pass","Pass","Pass","Pass","Pass","Pass","Pass","Pass","Pass","Pass","Pass","Pass","Pass","Pass","Pass","Pass","Pass","Pass","Pass","Pass","Pass","Pass","Pass","Pass","Pass","Pass","Pass","Pass","Pass","Pass","Pass","Pass","Fail","Fail","localhost","8690d612-03d5-4416-89ce-4db197dbbfbc","False"
"BDSCNBNTFMD8B3A","Online","Fail","Pass","Pass","Pass","Pass","Pass","Pass","Pass","Pass","Pass","Fail","Pass","Pass","Pass","Pass","Pass","Pass","Fail","Pass","Pass","Pass","Pass","Pass","Pass","Pass","Pass","Pass","Pass","Pass","Pass","Pass","Pass","Pass","Pass","Pass","Pass","Pass","Pass","Pass","Pass","Pass","Pass","Pass","Pass","Pass","Pass","Pass","Pass","Pass","Pass","Pass","Pass","Pass","Pass","Pass","Fail","Fail","localhost","56213ab5-c341-40d8-bf80-adca5b9db39b","False"
"BDSCNBNTFMD718D","Online","Fail","Pass","Pass","Pass","Pass","Fail","Pass","Pass","Pass","Pass","Pass","Pass","Pass","Pass","Pass","Pass","Pass","Fail","Pass","Pass","Pass","Pass","Pass","Pass","Pass","Pass","Pass","Pass","Pass","Pass","Pass","Pass","Pass","Pass","Pass","Pass","Pass","Pass","Pass","Pass","Pass","Pass","Pass","Pass","Pass","Pass","Pass","Pass","Pass","Pass","Pass","Pass","Pass","Pass","Pass","Pass","Fail","localhost","2df2bca8-4bbb-4e97-a5e5-d00eeae49721","False"
"BDSCNBNTFMD4C06","Online","Fail","Pass","Pass","Pass","Pass","Fail","Pass","Pass","Pass","Pass","Fail","Pass","Pass","Pass","Pass","Pass","Pass","Fail","Pass","Pass","Pass","Pass","Pass","Pass","Pass","Pass","Pass","Pass","Pass","Pass","Pass","Pass","Pass","Pass","Pass","Pass","Pass","Pass","Pass","Pass","Pass","Pass","Pass","Pass","Pass","Pass","Pass","Pass","Pass","Pass","Pass","Pass","Pass","Pass","Pass","Fail","Fail","localhost","a0f2db39-ba76-4e85-a901-bbe0800d5fb7","False"
"BDSCNBNTFMD8A0D","Online","Fail","Pass","Pass","Pass","Pass","Fail","Pass","Pass","Pass","Pass","Fail","Pass","Pass","Pass","Pass","Pass","Pass","Fail","Pass","Pass","Pass","Pass","Pass","Pass","Pass","Pass","Pass","Pass","Pass","Pass","Pass","Pass","Pass","Pass","Pass","Pass","Pass","Pass","Pass","Pass","Pass","Pass","Pass","Pass","Pass","Pass","Pass","Pass","Pass","Pass","Pass","Pass","Pass","Pass","Pass","Pass","Fail","localhost","19d63307-9fb8-41f4-a787-4433a94c39c1","False"
"BDSCNBNTFMD78A6","Online","Fail","Pass","Pass","Pass","Pass","Fail","Pass","Pass","Pass","Pass","Fail","Pass","Pass","Pass","Pass","Pass","Pass","Fail","Pass","Pass","Pass","Pass","Pass","Pass","Pass","Pass","Pass","Pass","Pass","Pass","Pass","Pass","Pass","Pass","Pass","Pass","Pass","Pass","Pass","Pass","Pass","Pass","Pass","Pass","Pass","Pass","Pass","Pass","Pass","Pass","Pass","Pass","Pass","Pass","Pass","Fail","Fail","localhost","3aca07bd-5e46-419a-8b3e-cab061af458c","False"
"BDSCNBNTFMDBB99","Online","Fail","Pass","Pass","Pass","Pass","Fail","Pass","Pass","Pass","Pass","Fail","Pass","Pass","Pass","Pass","Pass","Pass","Fail","Pass","Pass","Pass","Pass","Pass","Pass","Pass","Pass","Pass","Pass","Pass","Pass","Pass","Pass","Pass","Pass","Pass","Pass","Pass","Pass","Pass","Pass","Pass","Pass","Pass","Pass","Pass","Pass","Pass","Pass","Pass","Pass","Pass","Pass","Pass","Pass","Pass","Pass","Fail","localhost","6bdc0980-b393-4c75-af1e-68c6bf50cd8c","False"
"BDSCNBNTFMD7801","Online","Fail","Pass","Pass","Pass","Pass","Fail","Pass","Pass","Pass","Pass","Fail","Pass","Pass","Pass","Pass","Pass","Pass","Fail","Pass","Pass","Pass","Pass","Pass","Pass","Pass","Pass","Pass","Pass","Pass","Pass","Pass","Pass","Pass","Pass","Pass","Pass","Pass","Pass","Pass","Pass","Pass","Pass","Pass","Pass","Pass","Pass","Fail","Pass","Pass","Pass","Pass","Pass","Pass","Pass","Pass","Pass","Fail","localhost","c20cbbc6-20f5-4c49-92a8-efb757a7d3b8","False"
"BDSCNBNTFMD76CE","Online","Fail","Pass","Pass","Pass","Pass","Fail","Pass","Pass","Pass","Pass","Fail","Pass","Pass","Pass","Pass","Pass","Pass","Fail","Pass","Pass","Pass","Pass","Pass","Pass","Pass","Pass","Pass","Pass","Pass","Pass","Pass","Pass","Pass","Pass","Pass","Pass","Pass","Pass","Pass","Pass","Pass","Pass","Pass","Pass","Pass","Pass","Pass","Pass","Pass","Pass","Pass","Pass","Pass","Pass","Pass","Fail","Fail","localhost","29262f2f-ef74-4250-8ec8-324b7ef2a77b","False"
"BDSCNBNTFMDD6C3","Online","Fail","Pass","Pass","Pass","Pass","Fail","Pass","Pass","Pass","Pass","Fail","Pass","Pass","Pass","Pass","Pass","Pass","Fail","Pass","Pass","Pass","Pass","Pass","Pass","Pass","Pass","Pass","Pass","Pass","Pass","Pass","Pass","Pass","Pass","Pass","Pass","Pass","Pass","Pass","Pass","Pass","Pass","Pass","Pass","Pass","Pass","Pass","Pass","Pass","Pass","Pass","Pass","Pass","Pass","Pass","Fail","Fail","localhost","168e43b0-e9b6-45a5-b3e9-6cea4c4ab411","False"
"BDSCNBNTFMD7886","Online","Fail","Pass","Pass","Pass","Pass","Fail","Pass","Fail","Pass","Pass","Pass","Pass","Pass","Pass","Pass","Pass","Pass","Fail","Pass","Pass","Pass","Pass","Pass","Pass","Pass","Pass","Pass","Pass","Pass","Pass","Pass","Pass","Pass","Pass","Pass","Pass","Pass","Pass","Pass","Pass","Pass","Pass","Pass","Pass","Pass","Pass","Fail","Pass","Pass","Pass","Pass","Pass","Pass","Pass","Pass","Fail","Fail","localhost","803ce4a0-d6e2-4792-91dd-cc9298d95663","False"
"BDSCNBNTFMD77DA","Online","Fail","Pass","Pass","Pass","Pass","Fail","Pass","Fail","Pass","Pass","Pass","Pass","Pass","Pass","Pass","Pass","Pass","Fail","Pass","Pass","Pass","Pass","Pass","Pass","Pass","Pass","Pass","Pass","Pass","Pass","Pass","Pass","Pass","Pass","Pass","Pass","Pass","Pass","Pass","Pass","Pass","Pass","Pass","Pass","Pass","Pass","Fail","Pass","Pass","Pass","Pass","Pass","Pass","Pass","Pass","Fail","Fail","localhost","f0d0baaa-3404-45b6-8f7d-f2f25cd3bc40","False"
"BDSCNBNTFMD0CCD","Online","Fail","Pass","Pass","Pass","Pass","Fail","Pass","Pass","Pass","Pass","Fail","Pass","Pass","Pass","Pass","Pass","Pass","Fail","Pass","Pass","Pass","Pass","Pass","Pass","Pass","Pass","Pass","Pass","Pass","Pass","Pass","Pass","Pass","Pass","Pass","Pass","Pass","Pass","Pass","Pass","Pass","Pass","Pass","Pass","Pass","Pass","Pass","Pass","Pass","Pass","Pass","Pass","Pass","Pass","Pass","Fail","Fail","localhost","df4e85fd-35d8-4dd6-ac83-2bccae2a481f","False"
"BDSCNBNTFMD27BB","Online","Fail","Pass","Pass","Pass","Pass","Fail","Pass","Pass","Pass","Pass","Pass","Pass","Pass","Pass","Pass","Pass","Pass","Fail","Pass","Pass","Pass","Pass","Pass","Pass","Pass","Pass","Pass","Pass","Pass","Pass","Pass","Pass","Pass","Pass","Pass","Pass","Pass","Pass","Pass","Pass","Pass","Pass","Pass","Pass","Pass","Pass","Pass","Pass","Pass","Pass","Pass","Pass","Pass","Pass","Pass","Fail","Fail","localhost","1ff97bd1-7abe-4b40-a639-a3171aaa162f","False"
"BDSCNBNTFMDA1B0","Online","Error","Fail","","Fail","N/A","Pass","Error","Fail","Pass","Error","Error","","Fail","Fail","","Fail","Error","Error","Fail","Fail","Fail","Fail","Error","Fail","Fail","Fail","Fail","Fail","Fail","Pass","Pass","Fail","Pass","Pass","Pass","Fail","Fail","Pass","Pass","Pass","Pass","Fail","Fail","Pass","Pass","Fail","Fail","Fail","Fail","Fail","Fail","Fail","Pass","Pass","Fail","Error","Error","localhost","4c32d01e-f4d5-485d-9efe-73aa093e3946","False"
"BDSCNBNTFMD6960","Online","Fail","Pass","Pass","Pass","Pass","Fail","Pass","Pass","Pass","Pass","Fail","Pass","Pass","Pass","Pass","Pass","Pass","Fail","Pass","Pass","Pass","Pass","Pass","Pass","Pass","Pass","Pass","Pass","Pass","Pass","Pass","Pass","Pass","Pass","Pass","Pass","Pass","Pass","Pass","Pass","Pass","Pass","Pass","Pass","Pass","Pass","Pass","Pass","Pass","Pass","Pass","Pass","Pass","Pass","Pass","Fail","Fail","localhost","96241cd9-fd4c-49b1-9c99-38f282c2ad9e","False"
"BDSCNBNTFMD4761","Online","Fail","Pass","Pass","Pass","Pass","Fail","Pass","Pass","Pass","Pass","Fail","Pass","Pass","Pass","Pass","Pass","Pass","Fail","Pass","Pass","Pass","Pass","Pass","Pass","Pass","Pass","Pass","Pass","Pass","Pass","Pass","Pass","Pass","Pass","Pass","Pass","Pass","Pass","Pass","Pass","Pass","Pass","Pass","Pass","Pass","Pass","Pass","Pass","Pass","Pass","Pass","Pass","Pass","Pass","Pass","Fail","Fail","localhost","20c8ac07-144d-45d8-9f92-9b30d4370276","False"
"BDSCNBNTFMD7BDB","Online","Fail","Pass","Pass","Pass","Pass","Fail","Pass","Pass","Pass","Pass","Fail","Pass","Pass","Pass","Pass","Pass","Pass","Fail","Pass","Pass","Pass","Pass","Pass","Pass","Pass","Pass","Pass","Pass","Pass","Pass","Pass","Pass","Pass","Pass","Pass","Pass","Pass","Pass","Pass","Pass","Pass","Pass","Pass","Pass","Pass","Pass","Pass","Pass","Pass","Pass","Pass","Pass","Pass","Pass","Pass","Fail","Fail","localhost","b446c7bf-672f-4be0-aef8-c10fab36192b","False"
"BDSCNBNTFMD51B3","Online","Fail","Pass","Pass","Pass","Pass","Fail","Pass","Pass","Pass","Pass","Fail","Pass","Pass","Pass","Pass","Pass","Pass","Fail","Pass","Pass","Pass","Pass","Pass","Pass","Pass","Pass","Pass","Pass","Pass","Pass","Pass","Pass","Pass","Pass","Pass","Pass","Pass","Pass","Pass","Pass","Pass","Pass","Pass","Pass","Pass","Pass","Fail","Pass","Pass","Pass","Pass","Pass","Pass","Pass","Pass","Fail","Fail","localhost","67c56fc7-10f1-4129-8440-a4c034a99f38","False"
"BDSCNBSTFMD83F2","Online","Fail","Pass","Pass","Pass","Pass","Fail","Pass","Pass","Pass","Pass","Fail","Pass","Pass","Pass","Pass","Pass","Pass","Fail","Pass","Pass","Pass","Pass","Pass","Pass","Pass","Pass","Pass","Pass","Pass","Pass","Pass","Pass","Pass","Pass","Pass","Pass","Pass","Pass","Pass","Pass","Pass","Pass","Pass","Pass","Pass","Pass","Pass","Pass","Pass","Pass","Pass","Pass","Pass","Pass","Pass","Fail","Fail","localhost","8b5f5834-e377-4cc6-8009-a93df7df23ca","False"
"BDSCNBNTFMD8BBA","Online","Fail","Pass","Pass","Pass","Pass","Fail","Pass","Pass","Pass","Pass","Fail","Pass","Pass","Pass","Pass","Pass","Pass","Fail","Pass","Pass","Pass","Pass","Pass","Pass","Pass","Pass","Pass","Pass","Pass","Pass","Pass","Pass","Pass","Pass","Pass","Pass","Pass","Pass","Pass","Pass","Pass","Pass","Pass","Pass","Pass","Pass","Pass","Pass","Pass","Pass","Pass","Pass","Pass","Pass","Pass","Fail","Fail","localhost","e5a3f93c-aec8-45bf-ac6f-beae81325470","False"
"BDSCNBNTFMD0A25","Online","Fail","Pass","Pass","Pass","Pass","Fail","Pass","Pass","Pass","Pass","Fail","Pass","Pass","Pass","Pass","Pass","Pass","Fail","Pass","Pass","Pass","Pass","Pass","Pass","Pass","Pass","Pass","Pass","Pass","Pass","Pass","Pass","Pass","Pass","Pass","Pass","Pass","Pass","Pass","Pass","Pass","Pass","Pass","Pass","Pass","Pass","Pass","Pass","Pass","Pass","Pass","Pass","Pass","Pass","Pass","Fail","Fail","localhost","a1b537cd-5979-4826-84e8-bfc5c4eab1a1","False"
"BDSCNBNTFMD7747","Online","Fail","Pass","Pass","Pass","Pass","Fail","Pass","Fail","Pass","Pass","Fail","Pass","Pass","Pass","Pass","Pass","Pass","Fail","Pass","Pass","Pass","Pass","Pass","Pass","Pass","Pass","Pass","Pass","Pass","Pass","Pass","Pass","Pass","Pass","Pass","Pass","Pass","Pass","Pass","Pass","Pass","Pass","Pass","Pass","Pass","Pass","Pass","Pass","Pass","Pass","Pass","Pass","Pass","Pass","Pass","Fail","Fail","localhost","ffe16d27-a089-4284-a7a8-a38cd69d9f3b","False"
"BDSCNBNTFMD9951","Online","Fail","Pass","Pass","Pass","Pass","Fail","Pass","Fail","Pass","Pass","Fail","Pass","Pass","Pass","Pass","Pass","Pass","Fail","Pass","Pass","Pass","Pass","Pass","Pass","Pass","Pass","Pass","Pass","Pass","Pass","Pass","Pass","Pass","Pass","Pass","Pass","Pass","Pass","Pass","Pass","Pass","Pass","Pass","Pass","Pass","Pass","Pass","Pass","Pass","Pass","Pass","Pass","Pass","Pass","Pass","Fail","Fail","localhost","ec4ca1bd-bf7c-4802-b48b-71a9eb4173d0","False"
"BDSCNBNTFMD4C4D","Online","Fail","Pass","Pass","Pass","Pass","Fail","Pass","Pass","Pass","Pass","Fail","Pass","Pass","Pass","Pass","Pass","Pass","Fail","Pass","Pass","Pass","Pass","Pass","Pass","Pass","Pass","Pass","Pass","Pass","Pass","Pass","Pass","Pass","Pass","Pass","Pass","Pass","Pass","Pass","Pass","Pass","Pass","Pass","Pass","Pass","Pass","Pass","Pass","Pass","Pass","Pass","Pass","Pass","Pass","Pass","Pass","Fail","localhost","b630dee1-48d6-48bf-8c24-8b043faecd55","False"
"BDSCNBNTFMD7933","Online","Fail","Pass","Pass","Pass","Pass","Fail","Pass","Pass","Pass","Pass","Fail","Pass","Pass","Pass","Pass","Pass","Pass","Fail","Pass","Pass","Pass","Pass","Pass","Pass","Pass","Pass","Pass","Pass","Pass","Pass","Pass","Pass","Pass","Pass","Pass","Pass","Pass","Pass","Pass","Pass","Pass","Pass","Pass","Pass","Pass","Pass","Pass","Pass","Pass","Pass","Pass","Pass","Pass","Pass","Pass","Fail","Fail","localhost","de3e2a8a-f3b1-4a89-94d3-635f89b4b577","False"
"BDSCNBNTFMDA4AD","Online","Fail","Pass","Pass","Pass","Pass","Fail","Pass","Pass","Pass","Pass","Pass","Pass","Pass","Pass","Pass","Pass","Pass","Fail","Pass","Pass","Pass","Pass","Pass","Pass","Pass","Pass","Pass","Pass","Pass","Pass","Pass","Pass","Pass","Pass","Pass","Pass","Pass","Pass","Pass","Pass","Pass","Pass","Pass","Pass","Pass","Pass","Pass","Pass","Pass","Pass","Pass","Pass","Pass","Pass","Pass","Pass","Fail","localhost","9ac8670a-3503-4fd0-9c1f-07b823ee7d15","False"
"BDSCNBNTFMD9697","Online","Fail","Pass","Pass","Pass","Pass","Fail","Pass","Fail","Pass","Pass","Pass","Pass","Pass","Pass","Pass","Pass","Pass","Fail","Pass","Pass","Pass","Pass","Pass","Pass","Pass","Pass","Pass","Pass","Pass","Pass","Pass","Pass","Pass","Pass","Pass","Pass","Pass","Pass","Pass","Pass","Pass","Pass","Pass","Pass","Pass","Pass","Fail","Pass","Pass","Pass","Pass","Pass","Pass","Pass","Pass","Fail","Fail","localhost","4cbd630b-ecd1-4758-b58a-58336e100d78","False"
"BDSCNBNMLOS8A3E","Online","Fail","Pass","Pass","Pass","Pass","Pass","Pass","Pass","Pass","Pass","Fail","Pass","Pass","Pass","Pass","Pass","Pass","Fail","Pass","Pass","Pass","Pass","Pass","Pass","Pass","Pass","Pass","Pass","Pass","Pass","Pass","Pass","Pass","Pass","Pass","Pass","Pass","Pass","Pass","Pass","Pass","Pass","Pass","Pass","Pass","Pass","Pass","Pass","Pass","Pass","Pass","Pass","Pass","Pass","Pass","Pass","Fail","localhost","71d91674-21b0-4591-a706-3282583f52ec","False"
"BDSCNBNTFHU40C3","Online","Fail","Pass","Pass","Pass","Pass","Fail","Pass","Fail","Pass","Pass","Fail","Pass","Pass","Pass","Pass","Pass","Pass","Fail","Pass","Pass","Pass","Pass","Pass","Pass","Pass","Pass","Pass","Pass","Pass","Pass","Pass","Pass","Pass","Pass","Pass","Pass","Pass","Pass","Pass","Pass","Pass","Pass","Pass","Pass","Pass","Pass","Fail","Pass","Pass","Pass","Pass","Pass","Pass","Pass","Pass","Fail","Fail","localhost","8f244681-d5b6-4df6-974e-4e4762fd200f","False"
"BDSCNBN1LNO8B53","Online","Fail","Pass","Pass","Pass","Pass","Fail","Pass","Pass","Pass","Pass","Fail","Pass","Pass","Pass","Pass","Pass","Pass","Fail","Pass","Pass","Pass","Pass","Pass","Pass","Pass","Pass","Pass","Pass","Pass","Pass","Pass","Pass","Pass","Pass","Pass","Pass","Pass","Pass","Pass","Pass","Pass","Pass","Pass","Pass","Pass","Pass","Fail","Pass","Pass","Pass","Pass","Pass","Pass","Pass","Pass","Fail","Fail","localhost","c897da56-1f09-4274-babc-194863ee7d2c","False"
"BDSCWKNAEAGCC56","Online","Fail","Pass","Pass","Pass","Pass","Fail","Pass","Pass","Pass","Pass","Fail","Pass","Pass","Pass","Pass","Pass","Pass","Fail","Pass","Pass","Pass","Pass","Pass","Pass","Pass","Pass","Pass","Pass","Pass","Pass","Pass","Pass","Pass","Pass","Pass","Pass","Pass","Pass","Pass","Pass","Pass","Pass","Pass","Pass","Pass","Pass","Fail","Pass","Pass","Pass","Pass","Pass","Pass","Pass","Pass","Fail","Fail","localhost","c578f78b-9001-4fca-864d-3d3da554b2e6","False"
"BDSCWKNAEAGCBAB","Online","Fail","Pass","Pass","Pass","Pass","Fail","Pass","Fail","Pass","Pass","Fail","Pass","Pass","Pass","Pass","Pass","Pass","Fail","Pass","Pass","Pass","Pass","Pass","Pass","Pass","Pass","Pass","Pass","Pass","Pass","Pass","Pass","Pass","Pass","Pass","Pass","Pass","Pass","Pass","Pass","Pass","Pass","Pass","Pass","Pass","Pass","Fail","Pass","Pass","Pass","Pass","Pass","Pass","Pass","Pass","Fail","Fail","localhost","099b1621-2030-4fd3-be93-d45efc3f450d","False"
